{
  "total_evaluated": 3,
  "timestamp": "2026-02-10T21:31:53.562419",
  "metrics": {
    "groundedness": {
      "mean": 0.0,
      "min": 0.0,
      "max": 0.0
    },
    "answer_relevance": {
      "mean": 0.0,
      "min": 0.0,
      "max": 0.0
    },
    "citation_accuracy": {
      "mean": 0.5,
      "min": 0.0,
      "max": 1.0
    },
    "section_reference_accuracy": {
      "mean": 1.0,
      "min": 1.0,
      "max": 1.0
    },
    "coherence": {
      "mean": 0.0
    },
    "latency_ms": {
      "mean": 1701.267957687378,
      "p50": 1525.3288745880127,
      "p95": 2182.4910640716553
    }
  }
}