{
  "total_evaluated": 3,
  "timestamp": "2026-02-11T06:09:15.579265",
  "metrics": {
    "groundedness": {
      "mean": 0.0,
      "min": 0.0,
      "max": 0.0
    },
    "answer_relevance": {
      "mean": 0.0,
      "min": 0.0,
      "max": 0.0
    },
    "citation_accuracy": {
      "mean": 0.16666666666666666,
      "min": 0.0,
      "max": 0.5
    },
    "section_reference_accuracy": {
      "mean": 0.6666666666666666,
      "min": 0.0,
      "max": 1.0
    },
    "coherence": {
      "mean": 0.0
    },
    "latency_ms": {
      "mean": 1365.4100100199382,
      "p50": 1329.895257949829,
      "p95": 1503.5908222198486
    }
  }
}